                  epoch,         train/box_loss,         train/cls_loss,         train/dfl_loss,   metrics/precision(B),      metrics/recall(B),       metrics/mAP50(B),    metrics/mAP50-95(B),           val/box_loss,           val/cls_loss,           val/dfl_loss,                 lr/pg0,                 lr/pg1,                 lr/pg2
                      1,                 2.4499,                 2.4795,                 1.2581,                0.64561,                0.46424,                0.48341,                0.27456,                 1.6867,                 1.2202,                 0.9668,             0.00033204,             0.00033204,             0.00033204
                      2,                 2.1311,                   1.65,                 1.1345,                0.85221,                0.55498,                0.61388,                0.37905,                 1.5576,                  1.035,                0.94677,             0.00055559,             0.00055559,             0.00055559
                      3,                 2.0499,                 1.5423,                 1.1135,                0.74341,                0.63786,                0.68797,                0.42304,                 1.4213,                 0.8937,                0.92604,             0.00066913,             0.00066913,             0.00066913
                      4,                 1.9751,                 1.4642,                 1.0992,                0.79702,                0.59478,                0.67533,                0.44351,                  1.367,                0.87106,                0.91277,               0.000505,               0.000505,               0.000505
                      5,                 1.9328,                 1.4078,                 1.0816,                0.89469,                0.61008,                0.74636,                0.48809,                 1.3556,                0.81852,                0.91084,                0.00034,                0.00034,                0.00034
                      6,                 1.8985,                  1.363,                 1.0688,                0.85404,                0.65519,                0.76791,                0.51668,                 1.2985,                0.75926,                0.89906,               0.000175,               0.000175,               0.000175
