                  epoch,         train/box_loss,         train/cls_loss,         train/dfl_loss,   metrics/precision(B),      metrics/recall(B),       metrics/mAP50(B),    metrics/mAP50-95(B),           val/box_loss,           val/cls_loss,           val/dfl_loss,                 lr/pg0,                 lr/pg1,                 lr/pg2
                      1,                 2.4499,                 2.4795,                 1.2581,                0.64561,                0.46424,                0.48341,                0.27456,                 1.6867,                 1.2202,                 0.9668,             0.00033204,             0.00033204,             0.00033204
                      2,                 2.1326,                 1.6506,                  1.136,                0.84965,                0.59949,                0.64233,                0.40252,                  1.547,                 1.0227,                0.94765,             0.00064342,             0.00064342,             0.00064342
                      3,                 2.0724,                 1.5536,                 1.1221,                0.83837,                0.59091,                0.65471,                0.42016,                 1.4157,                0.91327,                0.92551,             0.00093279,             0.00093279,             0.00093279
                      4,                 2.0169,                 1.4915,                 1.1135,                 0.7603,                0.63847,                0.68438,                0.44107,                 1.4012,                0.86553,                0.92113,               0.000901,               0.000901,               0.000901
                      5,                  1.978,                 1.4335,                 1.0979,                0.88567,                0.63225,                0.78968,                0.52435,                 1.3894,                 0.8154,                0.91774,               0.000868,               0.000868,               0.000868
                      6,                 1.9678,                 1.4025,                 1.0915,                0.75119,                0.80131,                0.84496,                0.53374,                 1.3939,                0.79746,                0.91525,               0.000835,               0.000835,               0.000835
